File,Name
FreeRTOS v10.1.0/FreeRTOS/Source/portable/CCS/ARM_CM3/portmacro.h,system
FreeRTOS v10.1.0/FreeRTOS/Source/portable/CCS/ARM_CM4F/portmacro.h,system
FreeRTOS v10.1.0/FreeRTOS/Source/portable/CCS/ARM_Cortex-R4/portmacro.h,system
FreeRTOS v10.1.0/FreeRTOS/Source/portable/GCC/ARM7_AT91SAM7S/ioat91sam7x256.h,access
FreeRTOS v10.1.0/FreeRTOS/Source/portable/GCC/ARM7_AT91SAM7S/ioat91sam7x256.h,access
FreeRTOS v10.1.0/FreeRTOS/Source/portable/GCC/ARM_CA53_64_BIT/port.c,system
FreeRTOS v10.1.0/FreeRTOS/Source/portable/GCC/ARM_CA9/port.c,system
FreeRTOS v10.1.0/FreeRTOS/Source/portable/GCC/ARM_CM3/portmacro.h,system
FreeRTOS v10.1.0/FreeRTOS/Source/portable/GCC/ARM_CM3_MPU/portmacro.h,system
FreeRTOS v10.1.0/FreeRTOS/Source/portable/GCC/ARM_CM4F/portmacro.h,system
FreeRTOS v10.1.0/FreeRTOS/Source/portable/GCC/ARM_CM4_MPU/portmacro.h,system
FreeRTOS v10.1.0/FreeRTOS/Source/portable/GCC/ARM_CM7/r0p1/portmacro.h,system
FreeRTOS v10.1.0/FreeRTOS/Source/portable/GCC/ARM_CR5/port.c,system
FreeRTOS v10.1.0/FreeRTOS/Source/portable/GCC/ARM_CRx_No_GIC/port.c,system
FreeRTOS v10.1.0/FreeRTOS/Source/portable/GCC/AVR32_UC3/portmacro.h,printf
FreeRTOS v10.1.0/FreeRTOS/Source/portable/GCC/IA32_flat/port.c,system
FreeRTOS v10.1.0/FreeRTOS/Source/portable/GCC/MicroBlazeV8/portmacro.h,system
FreeRTOS v10.1.0/FreeRTOS/Source/portable/GCC/MicroBlazeV9/portmacro.h,system
FreeRTOS v10.1.0/FreeRTOS/Source/portable/IAR/ARM_CA5_No_GIC/port.c,system
FreeRTOS v10.1.0/FreeRTOS/Source/portable/IAR/ARM_CA5_No_GIC/portASM.h,system
FreeRTOS v10.1.0/FreeRTOS/Source/portable/IAR/ARM_CA5_No_GIC/portASM.h,system
FreeRTOS v10.1.0/FreeRTOS/Source/portable/IAR/ARM_CA5_No_GIC/portASM.h,system
FreeRTOS v10.1.0/FreeRTOS/Source/portable/IAR/ARM_CA5_No_GIC/portASM.h,system
FreeRTOS v10.1.0/FreeRTOS/Source/portable/IAR/ARM_CA9/port.c,system
FreeRTOS v10.1.0/FreeRTOS/Source/portable/IAR/ARM_CA9/portASM.h,system
FreeRTOS v10.1.0/FreeRTOS/Source/portable/IAR/ARM_CA9/portASM.h,system
FreeRTOS v10.1.0/FreeRTOS/Source/portable/IAR/ARM_CA9/portASM.h,system
FreeRTOS v10.1.0/FreeRTOS/Source/portable/IAR/ARM_CA9/portASM.h,system
FreeRTOS v10.1.0/FreeRTOS/Source/portable/IAR/ARM_CM3/portmacro.h,system
FreeRTOS v10.1.0/FreeRTOS/Source/portable/IAR/ARM_CM4F/portmacro.h,system
FreeRTOS v10.1.0/FreeRTOS/Source/portable/IAR/ARM_CM4F_MPU/portmacro.h,system
FreeRTOS v10.1.0/FreeRTOS/Source/portable/IAR/ARM_CM7/r0p1/portmacro.h,system
FreeRTOS v10.1.0/FreeRTOS/Source/portable/IAR/ARM_CRx_No_GIC/port.c,system
FreeRTOS v10.1.0/FreeRTOS/Source/portable/IAR/AVR32_UC3/portmacro.h,printf
FreeRTOS v10.1.0/FreeRTOS/Source/portable/IAR/AtmelSAM7S64/ISR_Support.h,system
FreeRTOS v10.1.0/FreeRTOS/Source/portable/IAR/AtmelSAM7S64/ISR_Support.h,system
FreeRTOS v10.1.0/FreeRTOS/Source/portable/IAR/AtmelSAM7S64/ISR_Support.h,system
FreeRTOS v10.1.0/FreeRTOS/Source/portable/IAR/AtmelSAM9XE/ISR_Support.h,system
FreeRTOS v10.1.0/FreeRTOS/Source/portable/IAR/AtmelSAM9XE/ISR_Support.h,system
FreeRTOS v10.1.0/FreeRTOS/Source/portable/IAR/AtmelSAM9XE/ISR_Support.h,system
FreeRTOS v10.1.0/FreeRTOS/Source/portable/IAR/LPC2000/ISR_Support.h,system
FreeRTOS v10.1.0/FreeRTOS/Source/portable/IAR/LPC2000/ISR_Support.h,system
FreeRTOS v10.1.0/FreeRTOS/Source/portable/IAR/LPC2000/ISR_Support.h,system
FreeRTOS v10.1.0/FreeRTOS/Source/portable/IAR/STR71x/ISR_Support.h,system
FreeRTOS v10.1.0/FreeRTOS/Source/portable/IAR/STR71x/ISR_Support.h,system
FreeRTOS v10.1.0/FreeRTOS/Source/portable/IAR/STR71x/ISR_Support.h,system
FreeRTOS v10.1.0/FreeRTOS/Source/portable/IAR/STR75x/ISR_Support.h,system
FreeRTOS v10.1.0/FreeRTOS/Source/portable/IAR/STR75x/ISR_Support.h,system
FreeRTOS v10.1.0/FreeRTOS/Source/portable/IAR/STR75x/ISR_Support.h,system
FreeRTOS v10.1.0/FreeRTOS/Source/portable/IAR/STR91x/ISR_Support.h,system
FreeRTOS v10.1.0/FreeRTOS/Source/portable/IAR/STR91x/ISR_Support.h,system
FreeRTOS v10.1.0/FreeRTOS/Source/portable/IAR/STR91x/ISR_Support.h,system
FreeRTOS v10.1.0/FreeRTOS/Source/portable/MPLAB/PIC32MEC14xx/portmacro.h,system
FreeRTOS v10.1.0/FreeRTOS/Source/portable/MPLAB/PIC32MX/portmacro.h,system
FreeRTOS v10.1.0/FreeRTOS/Source/portable/MPLAB/PIC32MZ/portmacro.h,system
FreeRTOS v10.1.0/FreeRTOS/Source/portable/MSVC-MingW/portmacro.h,system
FreeRTOS v10.1.0/FreeRTOS/Source/portable/MikroC/ARM_CM4F/portmacro.h,system
FreeRTOS v10.1.0/FreeRTOS/Source/portable/RVDS/ARM_CA9/port.c,system
FreeRTOS v10.1.0/FreeRTOS/Source/portable/RVDS/ARM_CM3/portmacro.h,system
FreeRTOS v10.1.0/FreeRTOS/Source/portable/RVDS/ARM_CM4F/portmacro.h,system
FreeRTOS v10.1.0/FreeRTOS/Source/portable/RVDS/ARM_CM4_MPU/portmacro.h,system
FreeRTOS v10.1.0/FreeRTOS/Source/portable/RVDS/ARM_CM7/r0p1/portmacro.h,system
FreeRTOS v10.1.0/FreeRTOS/Source/portable/Softune/MB91460/port.c,system
FreeRTOS v10.1.0/FreeRTOS/Source/portable/Softune/MB91460/port.c,system
FreeRTOS v10.1.0/FreeRTOS/Source/portable/Softune/MB91460/port.c,system
FreeRTOS v10.1.0/FreeRTOS/Source/portable/Softune/MB91460/port.c,system
FreeRTOS v10.1.0/FreeRTOS/Source/portable/Softune/MB91460/port.c,system
FreeRTOS v10.1.0/FreeRTOS/Source/portable/Softune/MB91460/port.c,system
FreeRTOS v10.1.0/FreeRTOS/Source/portable/Softune/MB91460/port.c,system
FreeRTOS v10.1.0/FreeRTOS/Source/portable/Softune/MB91460/port.c,system
FreeRTOS v10.1.0/FreeRTOS/Source/tasks.c,strcpy
FreeRTOS v10.1.0/FreeRTOS/Source/queue.c,memcpy
FreeRTOS v10.1.0/FreeRTOS/Source/queue.c,memcpy
FreeRTOS v10.1.0/FreeRTOS/Source/queue.c,memcpy
FreeRTOS v10.1.0/FreeRTOS/Source/queue.c,memcpy
FreeRTOS v10.1.0/FreeRTOS/Source/queue.c,memcpy
FreeRTOS v10.1.0/FreeRTOS/Source/stream_buffer.c,memcpy
FreeRTOS v10.1.0/FreeRTOS/Source/stream_buffer.c,memcpy
FreeRTOS v10.1.0/FreeRTOS/Source/stream_buffer.c,memcpy
FreeRTOS v10.1.0/FreeRTOS/Source/stream_buffer.c,memcpy
FreeRTOS v10.1.0/FreeRTOS/Source/tasks.c,char
FreeRTOS v10.1.0/FreeRTOS/Source/tasks.c,sprintf
FreeRTOS v10.1.0/FreeRTOS/Source/tasks.c,sprintf
FreeRTOS v10.1.0/FreeRTOS/Source/tasks.c,sprintf
FreeRTOS v10.1.0/FreeRTOS/Source/tasks.c,sprintf
FreeRTOS v10.1.0/FreeRTOS/Source/tasks.c,sprintf
FreeRTOS v10.1.0/FreeRTOS/Source/include/FreeRTOS.h,equal
FreeRTOS v10.1.0/FreeRTOS/Source/include/FreeRTOS.h,equal
FreeRTOS v10.1.0/FreeRTOS/Source/portable/CCS/ARM_CM3/portmacro.h,equal
FreeRTOS v10.1.0/FreeRTOS/Source/portable/CCS/ARM_CM4F/portmacro.h,equal
FreeRTOS v10.1.0/FreeRTOS/Source/portable/CCS/ARM_Cortex-R4/portmacro.h,equal
FreeRTOS v10.1.0/FreeRTOS/Source/portable/GCC/ARM7_AT91SAM7S/ioat91sam7x256.h,read
FreeRTOS v10.1.0/FreeRTOS/Source/portable/GCC/ARM7_AT91SAM7S/ioat91sam7x256.h,read
FreeRTOS v10.1.0/FreeRTOS/Source/portable/GCC/ARM7_AT91SAM7S/ioat91sam7x256.h,read
FreeRTOS v10.1.0/FreeRTOS/Source/portable/GCC/ARM7_AT91SAM7S/ioat91sam7x256.h,read
FreeRTOS v10.1.0/FreeRTOS/Source/portable/GCC/ARM7_AT91SAM7S/ioat91sam7x256.h,read
FreeRTOS v10.1.0/FreeRTOS/Source/portable/GCC/ARM_CA53_64_BIT/port.c,equal
FreeRTOS v10.1.0/FreeRTOS/Source/portable/GCC/ARM_CA53_64_BIT/port.c,equal
FreeRTOS v10.1.0/FreeRTOS/Source/portable/GCC/ARM_CA9/port.c,equal
FreeRTOS v10.1.0/FreeRTOS/Source/portable/GCC/ARM_CA9/port.c,equal
FreeRTOS v10.1.0/FreeRTOS/Source/portable/GCC/ARM_CM3/portmacro.h,equal
FreeRTOS v10.1.0/FreeRTOS/Source/portable/GCC/ARM_CM3_MPU/portmacro.h,equal
FreeRTOS v10.1.0/FreeRTOS/Source/portable/GCC/ARM_CM4F/portmacro.h,equal
FreeRTOS v10.1.0/FreeRTOS/Source/portable/GCC/ARM_CM4_MPU/portmacro.h,equal
FreeRTOS v10.1.0/FreeRTOS/Source/portable/GCC/ARM_CM7/r0p1/portmacro.h,equal
FreeRTOS v10.1.0/FreeRTOS/Source/portable/GCC/ARM_CR5/port.c,equal
FreeRTOS v10.1.0/FreeRTOS/Source/portable/GCC/ARM_CR5/port.c,equal
FreeRTOS v10.1.0/FreeRTOS/Source/portable/GCC/ARM_CRx_No_GIC/port.c,equal
FreeRTOS v10.1.0/FreeRTOS/Source/portable/GCC/IA32_flat/port.c,equal
FreeRTOS v10.1.0/FreeRTOS/Source/portable/GCC/MicroBlazeV8/portmacro.h,equal
FreeRTOS v10.1.0/FreeRTOS/Source/portable/GCC/MicroBlazeV9/portmacro.h,equal
FreeRTOS v10.1.0/FreeRTOS/Source/portable/IAR/ARM_CA5_No_GIC/port.c,equal
FreeRTOS v10.1.0/FreeRTOS/Source/portable/IAR/ARM_CA9/port.c,equal
FreeRTOS v10.1.0/FreeRTOS/Source/portable/IAR/ARM_CA9/port.c,equal
FreeRTOS v10.1.0/FreeRTOS/Source/portable/IAR/ARM_CM3/portmacro.h,equal
FreeRTOS v10.1.0/FreeRTOS/Source/portable/IAR/ARM_CM4F/portmacro.h,equal
FreeRTOS v10.1.0/FreeRTOS/Source/portable/IAR/ARM_CM4F_MPU/portmacro.h,equal
FreeRTOS v10.1.0/FreeRTOS/Source/portable/IAR/ARM_CM7/r0p1/portmacro.h,equal
FreeRTOS v10.1.0/FreeRTOS/Source/portable/IAR/ARM_CRx_No_GIC/port.c,equal
FreeRTOS v10.1.0/FreeRTOS/Source/portable/MPLAB/PIC24_dsPIC/port.c,equal
FreeRTOS v10.1.0/FreeRTOS/Source/portable/MPLAB/PIC32MEC14xx/portmacro.h,equal
FreeRTOS v10.1.0/FreeRTOS/Source/portable/MPLAB/PIC32MX/portmacro.h,equal
FreeRTOS v10.1.0/FreeRTOS/Source/portable/MPLAB/PIC32MZ/portmacro.h,equal
FreeRTOS v10.1.0/FreeRTOS/Source/portable/MSVC-MingW/portmacro.h,equal
FreeRTOS v10.1.0/FreeRTOS/Source/portable/MikroC/ARM_CM4F/portmacro.h,equal
FreeRTOS v10.1.0/FreeRTOS/Source/portable/RVDS/ARM_CA9/port.c,equal
FreeRTOS v10.1.0/FreeRTOS/Source/portable/RVDS/ARM_CA9/port.c,equal
FreeRTOS v10.1.0/FreeRTOS/Source/portable/RVDS/ARM_CM3/portmacro.h,equal
FreeRTOS v10.1.0/FreeRTOS/Source/portable/RVDS/ARM_CM4F/portmacro.h,equal
FreeRTOS v10.1.0/FreeRTOS/Source/portable/RVDS/ARM_CM4_MPU/portmacro.h,equal
FreeRTOS v10.1.0/FreeRTOS/Source/portable/RVDS/ARM_CM7/r0p1/portmacro.h,equal
FreeRTOS v10.1.0/FreeRTOS/Source/tasks.c,strlen
FreeRTOS v10.1.0/FreeRTOS/Source/tasks.c,strlen
FreeRTOS v10.1.0/FreeRTOS/Source/tasks.c,strlen
FreeRTOS v10.1.0/FreeRTOS/Source/tasks.c,strlen
